{
  "version": 8,
  "label_source": "programmatic",
  "training_date": "20260301_214026",
  "dataset_size": 410,
  "metrics": {
    "accuracy": 0.6585365853658537,
    "weighted_f1": 0.6593616813214573,
    "classification_report": {
      "bearish": {
        "precision": 0.6842105263157895,
        "recall": 0.5909090909090909,
        "f1-score": 0.6341463414634146,
        "support": 22.0
      },
      "bullish": {
        "precision": 0.7567567567567568,
        "recall": 0.7777777777777778,
        "f1-score": 0.7671232876712328,
        "support": 36.0
      },
      "meme": {
        "precision": 0.5294117647058824,
        "recall": 0.5294117647058824,
        "f1-score": 0.5294117647058824,
        "support": 17.0
      },
      "neutral": {
        "precision": 0.4444444444444444,
        "recall": 0.5714285714285714,
        "f1-score": 0.5,
        "support": 7.0
      },
      "accuracy": 0.6585365853658537,
      "macro avg": {
        "precision": 0.6037058730557183,
        "recall": 0.6173818012053307,
        "f1-score": 0.6076703484601325,
        "support": 82.0
      },
      "weighted avg": {
        "precision": 0.6634998284548991,
        "recall": 0.6585365853658537,
        "f1-score": 0.6593616813214573,
        "support": 82.0
      }
    }
  },
  "config": {
    "max_features": 500,
    "ngram_range": [
      1,
      2
    ],
    "min_df": 2,
    "C": 1.0,
    "class_weight": "balanced",
    "test_size": 0.2,
    "random_state": 42
  },
  "notes": ""
}