{
  "training_date": "2026-03-01T19:21:56.402105",
  "dataset_size": 403,
  "num_features": 500,
  "classes": [
    "bearish",
    "bullish",
    "meme",
    "neutral"
  ],
  "config": {
    "max_features": 500,
    "ngram_range": [
      1,
      2
    ],
    "min_df": 2,
    "C": 1.0,
    "class_weight": "balanced",
    "test_size": 0.2,
    "random_state": 42
  },
  "metrics": {
    "training_metrics": {
      "accuracy": 0.922360248447205,
      "weighted_f1": 0.9229769812341341
    },
    "validation_metrics": {
      "accuracy": 0.7530864197530864,
      "weighted_f1": 0.7467028241826649,
      "classification_report": {
        "bearish": {
          "precision": 0.76,
          "recall": 0.8636363636363636,
          "f1-score": 0.8085106382978723,
          "support": 22.0
        },
        "bullish": {
          "precision": 0.7894736842105263,
          "recall": 0.8571428571428571,
          "f1-score": 0.821917808219178,
          "support": 35.0
        },
        "meme": {
          "precision": 0.8181818181818182,
          "recall": 0.5294117647058824,
          "f1-score": 0.6428571428571429,
          "support": 17.0
        },
        "neutral": {
          "precision": 0.42857142857142855,
          "recall": 0.42857142857142855,
          "f1-score": 0.42857142857142855,
          "support": 7.0
        },
        "accuracy": 0.7530864197530864,
        "macro avg": {
          "precision": 0.6990567327409433,
          "recall": 0.6696906035141329,
          "f1-score": 0.6754642544864053,
          "support": 81.0
        },
        "weighted avg": {
          "precision": 0.7563045661291276,
          "recall": 0.7530864197530864,
          "f1-score": 0.7467028241826649,
          "support": 81.0
        }
      }
    },
    "confusion_matrix": [
      [
        19,
        2,
        1,
        0
      ],
      [
        2,
        30,
        1,
        2
      ],
      [
        2,
        4,
        9,
        2
      ],
      [
        2,
        2,
        0,
        3
      ]
    ],
    "cross_val_scores": {
      "mean": 0.7088528608200676,
      "std": 0.06175600905234154,
      "scores": [
        0.731399680068743,
        0.7668668905941619,
        0.732354121414185,
        0.6047907512031806
      ]
    },
    "num_features": 500,
    "classes": [
      "bearish",
      "bullish",
      "meme",
      "neutral"
    ]
  }
}