{
  "version": 3,
  "label_source": "programmatic",
  "training_date": "20260301_192156",
  "dataset_size": 403,
  "metrics": {
    "accuracy": 0.7530864197530864,
    "weighted_f1": 0.7467028241826649,
    "classification_report": {
      "bearish": {
        "precision": 0.76,
        "recall": 0.8636363636363636,
        "f1-score": 0.8085106382978723,
        "support": 22.0
      },
      "bullish": {
        "precision": 0.7894736842105263,
        "recall": 0.8571428571428571,
        "f1-score": 0.821917808219178,
        "support": 35.0
      },
      "meme": {
        "precision": 0.8181818181818182,
        "recall": 0.5294117647058824,
        "f1-score": 0.6428571428571429,
        "support": 17.0
      },
      "neutral": {
        "precision": 0.42857142857142855,
        "recall": 0.42857142857142855,
        "f1-score": 0.42857142857142855,
        "support": 7.0
      },
      "accuracy": 0.7530864197530864,
      "macro avg": {
        "precision": 0.6990567327409433,
        "recall": 0.6696906035141329,
        "f1-score": 0.6754642544864053,
        "support": 81.0
      },
      "weighted avg": {
        "precision": 0.7563045661291276,
        "recall": 0.7530864197530864,
        "f1-score": 0.7467028241826649,
        "support": 81.0
      }
    }
  },
  "config": {
    "max_features": 500,
    "ngram_range": [
      1,
      2
    ],
    "min_df": 2,
    "C": 1.0,
    "class_weight": "balanced",
    "test_size": 0.2,
    "random_state": 42
  },
  "notes": ""
}