{
  "training_date": "2026-03-01T19:18:41.766389",
  "dataset_size": 135,
  "num_features": 165,
  "classes": [
    "bearish",
    "bullish",
    "meme",
    "neutral"
  ],
  "config": {
    "max_features": 500,
    "ngram_range": [
      1,
      2
    ],
    "min_df": 3,
    "C": 1.0,
    "class_weight": "balanced",
    "test_size": 0.2,
    "random_state": 42
  },
  "metrics": {
    "training_metrics": {
      "accuracy": 0.9444444444444444,
      "weighted_f1": 0.9467234438995237
    },
    "validation_metrics": {
      "accuracy": 0.7407407407407407,
      "weighted_f1": 0.7335578002244668,
      "classification_report": {
        "bearish": {
          "precision": 0.8571428571428571,
          "recall": 0.75,
          "f1-score": 0.8,
          "support": 8.0
        },
        "bullish": {
          "precision": 0.7142857142857143,
          "recall": 0.9090909090909091,
          "f1-score": 0.8,
          "support": 11.0
        },
        "meme": {
          "precision": 0.6,
          "recall": 0.5,
          "f1-score": 0.5454545454545454,
          "support": 6.0
        },
        "neutral": {
          "precision": 1.0,
          "recall": 0.5,
          "f1-score": 0.6666666666666666,
          "support": 2.0
        },
        "accuracy": 0.7407407407407407,
        "macro avg": {
          "precision": 0.7928571428571428,
          "recall": 0.6647727272727273,
          "f1-score": 0.703030303030303,
          "support": 27.0
        },
        "weighted avg": {
          "precision": 0.7523809523809525,
          "recall": 0.7407407407407407,
          "f1-score": 0.7335578002244668,
          "support": 27.0
        }
      }
    },
    "confusion_matrix": [
      [
        6,
        1,
        1,
        0
      ],
      [
        0,
        10,
        1,
        0
      ],
      [
        1,
        2,
        3,
        0
      ],
      [
        0,
        1,
        0,
        1
      ]
    ],
    "cross_val_scores": {
      "mean": 0.7156845687033534,
      "std": 0.07495444592810893,
      "scores": [
        0.7399937752878929,
        0.6143553178847296,
        0.8199520149427548,
        0.6884371666980361
      ]
    },
    "num_features": 165,
    "classes": [
      "bearish",
      "bullish",
      "meme",
      "neutral"
    ]
  }
}